Pays bÈnÈficiaire;AnnÈe;Produit;QuantitÈ, en tonnes;
Afghanistan;2013;Autres non-c√©r√©ales;682;
Afghanistan;2014;Autres non-c√©r√©ales;335;
Afghanistan;2013;Bl√© et Farin;39224;
Afghanistan;2014;Bl√© et Farin;15160;
Afghanistan;2013;C√©r√©ales;40504;
Afghanistan;2014;C√©r√©ales;15989;
Afghanistan;2013;Fruits secs, total;85;
Afghanistan;2013;Huiles v√©g√©tales;11087;
Afghanistan;2014;Huiles v√©g√©tales;8185;
Afghanistan;2013;L√©gumineuses S√®ches,Tot.;11761;
Afghanistan;2014;L√©gumineuses S√®ches,Tot.;4010;
Afghanistan;2013;Non-c√©r√©ales;23615;
Afghanistan;2014;Non-c√©r√©ales;12618;
Afghanistan;2013;Riz, total;1280;
Afghanistan;2014;Riz, total;829;
Afghanistan;2014;Sucre, total;88;
Alg√©rie;2013;Autres non-c√©r√©ales;252;
Alg√©rie;2014;Autres non-c√©r√©ales;205;
Alg√©rie;2015;Autres non-c√©r√©ales;4;
Alg√©rie;2013;C√©r√©ales;10030;
Alg√©rie;2014;C√©r√©ales;4933;
Alg√©rie;2015;C√©r√©ales;3512;
Alg√©rie;2016;C√©r√©ales;3766;
Alg√©rie;2013;C√©r√©ales Secondaires;2862;
Alg√©rie;2014;C√©r√©ales Secondaires;2280;
Alg√©rie;2015;C√©r√©ales Secondaires;1311;
Alg√©rie;2016;C√©r√©ales Secondaires;1178;
Alg√©rie;2013;Fruits secs, total;204;
Alg√©rie;2015;Fruits secs, total;252;
Alg√©rie;2016;Fruits secs, total;252;
Alg√©rie;2013;Huiles v√©g√©tales;1030;
Alg√©rie;2014;Huiles v√©g√©tales;1050;
Alg√©rie;2013;Lait, total;350;
Alg√©rie;2014;Lait, total;582;
Alg√©rie;2015;Lait, total;500;
Alg√©rie;2013;L√©gumineuses S√®ches,Tot.;4111;
Alg√©rie;2014;L√©gumineuses S√®ches,Tot.;2240;
Alg√©rie;2015;L√©gumineuses S√®ches,Tot.;3026;
Alg√©rie;2016;L√©gumineuses S√®ches,Tot.;360;
Alg√©rie;2013;M√©langes et pr√©parations;3112;
Alg√©rie;2014;M√©langes et pr√©parations;1731;
Alg√©rie;2015;M√©langes et pr√©parations;559;
Alg√©rie;2016;M√©langes et pr√©parations;855;
Alg√©rie;2013;Non-c√©r√©ales;7587;
Alg√©rie;2014;Non-c√©r√©ales;4557;
Alg√©rie;2015;Non-c√©r√©ales;5200;
Alg√©rie;2016;Non-c√©r√©ales;972;
Alg√©rie;2013;Riz, total;4056;
Alg√©rie;2014;Riz, total;922;
Alg√©rie;2015;Riz, total;1642;
Alg√©rie;2016;Riz, total;1733;
Alg√©rie;2013;Sucre, total;1640;
Alg√©rie;2014;Sucre, total;480;
Alg√©rie;2015;Sucre, total;1418;
Alg√©rie;2016;Sucre, total;360;
Angola;2014;Autres non-c√©r√©ales;7;
Angola;2013;C√©r√©ales;2500;
Angola;2013;M√©langes et pr√©parations;2500;
Angola;2014;Non-c√©r√©ales;7;
Bangladesh;2013;Bl√© et Farin;56709;
Bangladesh;2014;Bl√© et Farin;91350;
Bangladesh;2015;Bl√© et Farin;9740;
Bangladesh;2013;C√©r√©ales;59954;
Bangladesh;2014;C√©r√©ales;94706;
Bangladesh;2015;C√©r√©ales;10609;
Bangladesh;2013;Fruits secs, total;515;
Bangladesh;2015;Fruits secs, total;486;
Bangladesh;2013;Huiles v√©g√©tales;2335;
Bangladesh;2014;Huiles v√©g√©tales;1371;
Bangladesh;2015;Huiles v√©g√©tales;111;
Bangladesh;2013;L√©gumineuses S√®ches,Tot.;2044;
Bangladesh;2014;L√©gumineuses S√®ches,Tot.;1194;
Bangladesh;2015;L√©gumineuses S√®ches,Tot.;65;
Bangladesh;2013;M√©langes et pr√©parations;2004;
Bangladesh;2014;M√©langes et pr√©parations;1528;
Bangladesh;2015;M√©langes et pr√©parations;869;
Bangladesh;2013;Non-c√©r√©ales;5555;
Bangladesh;2014;Non-c√©r√©ales;2608;
Bangladesh;2015;Non-c√©r√©ales;662;
Bangladesh;2013;Poiss&produi;580;
Bangladesh;2013;Riz, total;1241;
Bangladesh;2014;Riz, total;1828;
Bangladesh;2013;Sucre, total;81;
Bangladesh;2014;Sucre, total;43;
B√©nin;2013;Autres non-c√©r√©ales;45;
B√©nin;2014;Autres non-c√©r√©ales;50;
B√©nin;2013;C√©r√©ales;8490;
B√©nin;2015;C√©r√©ales;1439;
B√©nin;2016;Fruits secs, total;72;
B√©nin;2015;Huiles v√©g√©tales;260;
B√©nin;2013;L√©gumineuses S√®ches,Tot.;276;
B√©nin;2014;L√©gumineuses S√®ches,Tot.;286;
B√©nin;2015;L√©gumineuses S√®ches,Tot.;194;
B√©nin;2015;M√©langes et pr√©parations;679;
B√©nin;2013;Non-c√©r√©ales;321;
B√©nin;2014;Non-c√©r√©ales;336;
B√©nin;2015;Non-c√©r√©ales;454;
B√©nin;2016;Non-c√©r√©ales;72;
B√©nin;2013;Riz, total;8490;
B√©nin;2015;Riz, total;760;
Bhoutan;2013;C√©r√©ales;537;
Bhoutan;2013;Huiles v√©g√©tales;127;
Bhoutan;2014;Huiles v√©g√©tales;73;
Bhoutan;2015;Huiles v√©g√©tales;91;
Bhoutan;2016;Huiles v√©g√©tales;109;
Bhoutan;2013;L√©gumineuses S√®ches,Tot.;198;
Bhoutan;2015;L√©gumineuses S√®ches,Tot.;198;
Bhoutan;2013;Non-c√©r√©ales;325;
Bhoutan;2014;Non-c√©r√©ales;73;
Bhoutan;2015;Non-c√©r√©ales;289;
Bhoutan;2016;Non-c√©r√©ales;109;
Bhoutan;2013;Riz, total;537;
Bolivie (√âtat plurinational de);2014;Autres non-c√©r√©ales;3;
Bolivie (√âtat plurinational de);2014;Non-c√©r√©ales;3;
Burkina Faso;2013;Autres non-c√©r√©ales;507;
Burkina Faso;2014;Autres non-c√©r√©ales;283;
Burkina Faso;2015;Autres non-c√©r√©ales;27;
Burkina Faso;2013;Bl√© et Farin;10;
Burkina Faso;2014;Bl√© et Farin;7;
Burkina Faso;2013;C√©r√©ales;6381;
Burkina Faso;2014;C√©r√©ales;9605;
Burkina Faso;2015;C√©r√©ales;9066;
Burkina Faso;2013;C√©r√©ales Secondaires;827;
Burkina Faso;2014;C√©r√©ales Secondaires;1032;
Burkina Faso;2015;C√©r√©ales Secondaires;158;
Burkina Faso;2015;Fruits secs, total;126;
Burkina Faso;2016;Fruits secs, total;36;
Burkina Faso;2013;Huiles v√©g√©tales;758;
Burkina Faso;2014;Huiles v√©g√©tales;692;
Burkina Faso;2015;Huiles v√©g√©tales;590;
Burkina Faso;2013;L√©gumineuses S√®ches,Tot.;1664;
Burkina Faso;2014;L√©gumineuses S√®ches,Tot.;889;
Burkina Faso;2015;L√©gumineuses S√®ches,Tot.;1782;
Burkina Faso;2013;M√©langes et pr√©parations;4876;
Burkina Faso;2014;M√©langes et pr√©parations;1793;
Burkina Faso;2015;M√©langes et pr√©parations;3538;
Burkina Faso;2013;Non-c√©r√©ales;2929;
Burkina Faso;2014;Non-c√©r√©ales;1864;
Burkina Faso;2015;Non-c√©r√©ales;2525;
Burkina Faso;2016;Non-c√©r√©ales;36;
Burkina Faso;2013;Riz, total;668;
Burkina Faso;2014;Riz, total;6773;
Burkina Faso;2015;Riz, total;5370;
Burundi;2014;Autres non-c√©r√©ales;185;
Burundi;2015;Autres non-c√©r√©ales;110;
Burundi;2013;Bl√© et Farin;13667;
Burundi;2013;C√©r√©ales;24992;
Burundi;2014;C√©r√©ales;4271;
Burundi;2015;C√©r√©ales;5648;
Burundi;2013;C√©r√©ales Secondaires;3092;
Burundi;2014;C√©r√©ales Secondaires;3152;
Burundi;2015;C√©r√©ales Secondaires;745;
Burundi;2013;Huiles v√©g√©tales;770;
Burundi;2014;Huiles v√©g√©tales;350;
Burundi;2015;Huiles v√©g√©tales;390;
Burundi;2013;L√©gumineuses S√®ches,Tot.;809;
Burundi;2014;L√©gumineuses S√®ches,Tot.;699;
Burundi;2015;L√©gumineuses S√®ches,Tot.;270;
Burundi;2013;M√©langes et pr√©parations;3098;
Burundi;2014;M√©langes et pr√©parations;1119;
Burundi;2015;M√©langes et pr√©parations;4903;
Burundi;2013;Non-c√©r√©ales;1694;
Burundi;2014;Non-c√©r√©ales;1234;
Burundi;2015;Non-c√©r√©ales;820;
Burundi;2013;Riz, total;5135;
Burundi;2013;Sucre, total;115;
Burundi;2015;Sucre, total;50;
Cambodge;2013;Autres non-c√©r√©ales;50;
Cambodge;2014;Autres non-c√©r√©ales;75;
Cambodge;2015;Autres non-c√©r√©ales;22;
Cambodge;2013;C√©r√©ales;4306;
Cambodge;2014;C√©r√©ales;4644;
Cambodge;2015;C√©r√©ales;279;
Cambodge;2013;Huiles v√©g√©tales;336;
Cambodge;2014;Huiles v√©g√©tales;449;
Cambodge;2015;Huiles v√©g√©tales;204;
Cambodge;2013;L√©gumineuses S√®ches,Tot.;569;
Cambodge;2014;L√©gumineuses S√®ches,Tot.;382;
Cambodge;2015;L√©gumineuses S√®ches,Tot.;522;
Cambodge;2013;M√©langes et pr√©parations;1695;
Cambodge;2014;M√©langes et pr√©parations;710;
Cambodge;2013;Non-c√©r√©ales;1181;
Cambodge;2014;Non-c√©r√©ales;1392;
Cambodge;2015;Non-c√©r√©ales;1088;
Cambodge;2013;Poiss&produi;226;
Cambodge;2014;Poiss&produi;486;
Cambodge;2015;Poiss&produi;340;
Cambodge;2013;Riz, total;2611;
Cambodge;2014;Riz, total;3934;
Cambodge;2015;Riz, total;279;
Cameroun;2013;Autres non-c√©r√©ales;472;
Cameroun;2014;Autres non-c√©r√©ales;643;
Cameroun;2015;Autres non-c√©r√©ales;811;
Cameroun;2013;C√©r√©ales;1700;
Cameroun;2014;C√©r√©ales;5302;
Cameroun;2015;C√©r√©ales;12475;
Cameroun;2013;C√©r√©ales Secondaires;968;
Cameroun;2014;C√©r√©ales Secondaires;2038;
Cameroun;2015;Fruits secs, total;134;
Cameroun;2013;Huiles v√©g√©tales;164;
Cameroun;2014;Huiles v√©g√©tales;175;
Cameroun;2015;Huiles v√©g√©tales;569;
Cameroun;2016;Huiles v√©g√©tales;289;
Cameroun;2013;L√©gumineuses S√®ches,Tot.;117;
Cameroun;2014;L√©gumineuses S√®ches,Tot.;697;
Cameroun;2015;L√©gumineuses S√®ches,Tot.;1982;
Cameroun;2013;M√©langes et pr√©parations;452;
Cameroun;2014;M√©langes et pr√©parations;708;
Cameroun;2015;M√©langes et pr√©parations;239;
Cameroun;2013;Non-c√©r√©ales;753;
Cameroun;2014;Non-c√©r√©ales;1540;
Cameroun;2015;Non-c√©r√©ales;3680;
Cameroun;2016;Non-c√©r√©ales;289;
Cameroun;2013;Riz, total;280;
Cameroun;2014;Riz, total;2556;
Cameroun;2015;Riz, total;12236;
Cameroun;2014;Sucre, total;25;
Cameroun;2015;Sucre, total;184;
Chine; continentale;2014;C√©r√©ales;649
Chine; continentale;2014;Huiles v√©g√©tales;0
Chine; continentale;2014;Non-c√©r√©ales;0
Chine; continentale;2014;Riz, total;649
Colombie;2013;C√©r√©ales;2190;
Colombie;2014;C√©r√©ales;3335;
Colombie;2015;C√©r√©ales;1672;
Colombie;2016;C√©r√©ales;1963;
Colombie;2013;Huiles v√©g√©tales;1020;
Colombie;2014;Huiles v√©g√©tales;858;
Colombie;2015;Huiles v√©g√©tales;800;
Colombie;2013;L√©gumineuses S√®ches,Tot.;2373;
Colombie;2015;L√©gumineuses S√®ches,Tot.;849;
Colombie;2016;L√©gumineuses S√®ches,Tot.;770;
Colombie;2013;Non-c√©r√©ales;3531;
Colombie;2014;Non-c√©r√©ales;1263;
Colombie;2015;Non-c√©r√©ales;1649;
Colombie;2016;Non-c√©r√©ales;770;
Colombie;2013;Riz, total;2190;
Colombie;2014;Riz, total;3335;
Colombie;2015;Riz, total;1672;
Colombie;2016;Riz, total;1963;
Colombie;2013;Sucre, total;138;
Colombie;2014;Sucre, total;405;
Comores;2013;C√©r√©ales;3903;
Comores;2013;Riz, total;3903;
Congo;2013;Autres non-c√©r√©ales;136;
Congo;2014;Autres non-c√©r√©ales;140;
Congo;2015;Autres non-c√©r√©ales;26;
Congo;2013;C√©r√©ales;2755;
Congo;2014;C√©r√©ales;2260;
Congo;2015;C√©r√©ales;2567;
Congo;2013;C√©r√©ales Secondaires;1311;
Congo;2014;C√©r√©ales Secondaires;172;
Congo;2013;Huiles v√©g√©tales;18;
Congo;2014;Huiles v√©g√©tales;508;
Congo;2015;Huiles v√©g√©tales;91;
Congo;2013;L√©gumineuses S√®ches,Tot.;767;
Congo;2014;L√©gumineuses S√®ches,Tot.;1366;
Congo;2015;L√©gumineuses S√®ches,Tot.;170;
Congo;2014;M√©langes et pr√©parations;198;
Congo;2013;Non-c√©r√©ales;1262;
Congo;2014;Non-c√©r√©ales;2198;
Congo;2015;Non-c√©r√©ales;433;
Congo;2013;Poiss&produi;341;
Congo;2014;Poiss&produi;184;
Congo;2015;Poiss&produi;146;
Congo;2013;Riz, total;1444;
Congo;2014;Riz, total;1890;
Congo;2015;Riz, total;2567;
C√¥te d'Ivoire;2013;Autres non-c√©r√©ales;67;
C√¥te d'Ivoire;2014;Autres non-c√©r√©ales;104;
C√¥te d'Ivoire;2015;Autres non-c√©r√©ales;108;
C√¥te d'Ivoire;2013;C√©r√©ales;7416;
C√¥te d'Ivoire;2014;C√©r√©ales;4521;
C√¥te d'Ivoire;2015;C√©r√©ales;5297;
C√¥te d'Ivoire;2016;C√©r√©ales;4323;
C√¥te d'Ivoire;2015;Fruits secs, total;900;
C√¥te d'Ivoire;2013;Huiles v√©g√©tales;2084;
C√¥te d'Ivoire;2015;Huiles v√©g√©tales;19;
C√¥te d'Ivoire;2016;Huiles v√©g√©tales;70;
C√¥te d'Ivoire;2013;L√©gumineuses S√®ches,Tot.;1724;
C√¥te d'Ivoire;2014;L√©gumineuses S√®ches,Tot.;336;
C√¥te d'Ivoire;2013;M√©langes et pr√©parations;525;
C√¥te d'Ivoire;2014;M√©langes et pr√©parations;647;
C√¥te d'Ivoire;2015;M√©langes et pr√©parations;197;
C√¥te d'Ivoire;2013;Non-c√©r√©ales;3875;
C√¥te d'Ivoire;2014;Non-c√©r√©ales;440;
C√¥te d'Ivoire;2015;Non-c√©r√©ales;1027;
C√¥te d'Ivoire;2016;Non-c√©r√©ales;70;
C√¥te d'Ivoire;2013;Riz, total;6891;
C√¥te d'Ivoire;2014;Riz, total;3874;
C√¥te d'Ivoire;2015;Riz, total;5100;
C√¥te d'Ivoire;2016;Riz, total;4323;
Cuba;2014;Autres non-c√©r√©ales;7;
Cuba;2015;Autres non-c√©r√©ales;8;
Cuba;2013;C√©r√©ales;450;
Cuba;2015;C√©r√©ales;2698;
Cuba;2013;Huiles v√©g√©tales;112;
Cuba;2015;Lait, total;150;
Cuba;2013;L√©gumineuses S√®ches,Tot.;235;
Cuba;2015;L√©gumineuses S√®ches,Tot.;1277;
Cuba;2015;M√©langes et pr√©parations;305;
Cuba;2013;Non-c√©r√©ales;347;
Cuba;2014;Non-c√©r√©ales;7;
Cuba;2015;Non-c√©r√©ales;1435;
Cuba;2013;Riz, total;450;
Cuba;2015;Riz, total;2393;
Djibouti;2013;Autres non-c√©r√©ales;41;
Djibouti;2014;Autres non-c√©r√©ales;50;
Djibouti;2013;Bl√© et Farin;5930;
Djibouti;2014;Bl√© et Farin;4217;
Djibouti;2015;Bl√© et Farin;384;
Djibouti;2013;C√©r√©ales;9076;
Djibouti;2014;C√©r√©ales;7542;
Djibouti;2015;C√©r√©ales;1558;
Djibouti;2013;C√©r√©ales Secondaires;1300;
Djibouti;2014;C√©r√©ales Secondaires;2030;
Djibouti;2015;C√©r√©ales Secondaires;800;
Djibouti;2013;Fruits secs, total;68;
Djibouti;2015;Fruits secs, total;126;
Djibouti;2014;Huiles v√©g√©tales;386;
Djibouti;2013;L√©gumineuses S√®ches,Tot.;838;
Djibouti;2014;L√©gumineuses S√®ches,Tot.;518;
Djibouti;2015;L√©gumineuses S√®ches,Tot.;190;
Djibouti;2013;M√©langes et pr√©parations;1021;
Djibouti;2014;M√©langes et pr√©parations;970;
Djibouti;2015;M√©langes et pr√©parations;274;
Djibouti;2013;Non-c√©r√©ales;1108;
Djibouti;2014;Non-c√©r√©ales;1002;
Djibouti;2015;Non-c√©r√©ales;362;
Djibouti;2013;Riz, total;825;
Djibouti;2014;Riz, total;325;
Djibouti;2015;Riz, total;100;
Djibouti;2013;Sucre, total;161;
Djibouti;2014;Sucre, total;48;
Djibouti;2015;Sucre, total;46;
√âgypte;2013;Fruits secs, total;561;
√âgypte;2013;Non-c√©r√©ales;561;
El Salvador;2013;C√©r√©ales;1005;
El Salvador;2014;C√©r√©ales;38;
El Salvador;2015;C√©r√©ales;497;
El Salvador;2016;C√©r√©ales;596;
El Salvador;2014;Huiles v√©g√©tales;172;
El Salvador;2015;Huiles v√©g√©tales;198;
El Salvador;2014;M√©langes et pr√©parations;38;
El Salvador;2015;M√©langes et pr√©parations;497;
El Salvador;2014;Non-c√©r√©ales;172;
El Salvador;2015;Non-c√©r√©ales;198;
El Salvador;2013;Riz, total;1005;
El Salvador;2016;Riz, total;596;
√âquateur;2013;C√©r√©ales;345;
√âquateur;2013;Huiles v√©g√©tales;103;
√âquateur;2013;L√©gumineuses S√®ches,Tot.;233;
√âquateur;2013;Non-c√©r√©ales;336;
√âquateur;2013;Riz, total;345;
√âthiopie;2013;Autres non-c√©r√©ales;170;
√âthiopie;2014;Autres non-c√©r√©ales;466;
√âthiopie;2015;Autres non-c√©r√©ales;244;
√âthiopie;2013;Bl√© et Farin;181066;
√âthiopie;2014;Bl√© et Farin;178646;
√âthiopie;2015;Bl√© et Farin;74090;
√âthiopie;2013;BulgurFarEnt;2939;
√âthiopie;2014;BulgurFarEnt;2490;
√âthiopie;2013;C√©r√©ales;256196;
√âthiopie;2014;C√©r√©ales;265013;
√âthiopie;2015;C√©r√©ales;86482;
√âthiopie;2013;C√©r√©ales Secondaires;45040;
√âthiopie;2014;C√©r√©ales Secondaires;70890;
√âthiopie;2015;C√©r√©ales Secondaires;7880;
√âthiopie;2013;Fruits secs, total;459;
√âthiopie;2015;Fruits secs, total;162;
√âthiopie;2013;Huiles v√©g√©tales;9604;
√âthiopie;2014;Huiles v√©g√©tales;7088;
√âthiopie;2015;Huiles v√©g√©tales;1826;
√âthiopie;2013;L√©gumineuses S√®ches,Tot.;27916;
√âthiopie;2014;L√©gumineuses S√®ches,Tot.;20232;
√âthiopie;2015;L√©gumineuses S√®ches,Tot.;10519;
√âthiopie;2013;M√©langes et pr√©parations;21470;
√âthiopie;2014;M√©langes et pr√©parations;12752;
√âthiopie;2015;M√©langes et pr√©parations;4512;
√âthiopie;2013;Non-c√©r√©ales;39506;
√âthiopie;2014;Non-c√©r√©ales;28299;
√âthiopie;2015;Non-c√©r√©ales;15151;
√âthiopie;2013;Riz, total;5681;
√âthiopie;2014;Riz, total;235;
√âthiopie;2013;Sucre, total;1357;
√âthiopie;2014;Sucre, total;513;
√âthiopie;2015;Sucre, total;2400;
Gambie;2013;C√©r√©ales;3941;
Gambie;2014;C√©r√©ales;665;
Gambie;2015;C√©r√©ales;120;
Gambie;2013;Huiles v√©g√©tales;347;
Gambie;2014;Huiles v√©g√©tales;36;
Gambie;2015;Huiles v√©g√©tales;97;
Gambie;2013;L√©gumineuses S√®ches,Tot.;766;
Gambie;2014;L√©gumineuses S√®ches,Tot.;115;
Gambie;2015;L√©gumineuses S√®ches,Tot.;308;
Gambie;2016;L√©gumineuses S√®ches,Tot.;168;
Gambie;2013;M√©langes et pr√©parations;1941;
Gambie;2014;M√©langes et pr√©parations;240;
Gambie;2015;M√©langes et pr√©parations;120;
Gambie;2013;Non-c√©r√©ales;1113;
Gambie;2014;Non-c√©r√©ales;151;
Gambie;2015;Non-c√©r√©ales;405;
Gambie;2016;Non-c√©r√©ales;168;
Gambie;2013;Riz, total;2000;
Gambie;2014;Riz, total;425;
G√©orgie;2013;Autres non-c√©r√©ales;3;
G√©orgie;2014;Autres non-c√©r√©ales;4;
G√©orgie;2013;Bl√© et Farin;2;
G√©orgie;2013;C√©r√©ales;4;
G√©orgie;2014;C√©r√©ales;2;
G√©orgie;2013;Huiles v√©g√©tales;6;
G√©orgie;2014;Huiles v√©g√©tales;7;
G√©orgie;2014;L√©gumineuses S√®ches,Tot.;2;
G√©orgie;2013;Non-c√©r√©ales;13;
G√©orgie;2014;Non-c√©r√©ales;16;
G√©orgie;2013;Riz, total;2;
G√©orgie;2014;Riz, total;2;
G√©orgie;2013;Sucre, total;3;
G√©orgie;2014;Sucre, total;3;
G√©orgie;2013;Viande Total;1;
Ghana;2014;Autres non-c√©r√©ales;2;
Ghana;2013;C√©r√©ales;1727;
Ghana;2014;C√©r√©ales;3621;
Ghana;2015;C√©r√©ales;1252;
Ghana;2013;Huiles v√©g√©tales;429;
Ghana;2014;Huiles v√©g√©tales;435;
Ghana;2013;L√©gumineuses S√®ches,Tot.;322;
Ghana;2013;M√©langes et pr√©parations;602;
Ghana;2014;M√©langes et pr√©parations;3071;
Ghana;2015;M√©langes et pr√©parations;1002;
Ghana;2013;Non-c√©r√©ales;751;
Ghana;2014;Non-c√©r√©ales;462;
Ghana;2015;Non-c√©r√©ales;25;
Ghana;2013;Riz, total;1125;
Ghana;2014;Riz, total;550;
Ghana;2015;Riz, total;250;
Ghana;2014;Sucre, total;25;
Ghana;2015;Sucre, total;25;
Guatemala;2014;Bl√© et Farin;210;
Guatemala;2015;Bl√© et Farin;270;
Guatemala;2013;C√©r√©ales;10736;
Guatemala;2014;C√©r√©ales;5248;
Guatemala;2015;C√©r√©ales;4792;
Guatemala;2016;C√©r√©ales;355;
Guatemala;2014;C√©r√©ales Secondaires;699;
Guatemala;2015;C√©r√©ales Secondaires;350;
Guatemala;2013;Huiles v√©g√©tales;1189;
Guatemala;2014;Huiles v√©g√©tales;1286;
Guatemala;2015;Huiles v√©g√©tales;1010;
Guatemala;2013;L√©gumineuses S√®ches,Tot.;14388;
Guatemala;2014;L√©gumineuses S√®ches,Tot.;5390;
Guatemala;2015;L√©gumineuses S√®ches,Tot.;4721;
Guatemala;2016;L√©gumineuses S√®ches,Tot.;348;
Guatemala;2013;M√©langes et pr√©parations;2369;
Guatemala;2014;M√©langes et pr√©parations;1720;
Guatemala;2015;M√©langes et pr√©parations;1303;
Guatemala;2016;M√©langes et pr√©parations;355;
Guatemala;2013;Non-c√©r√©ales;15577;
Guatemala;2014;Non-c√©r√©ales;6676;
Guatemala;2015;Non-c√©r√©ales;5731;
Guatemala;2016;Non-c√©r√©ales;348;
Guatemala;2013;Riz, total;8367;
Guatemala;2014;Riz, total;2619;
Guatemala;2015;Riz, total;2869;
Guin√©e;2013;Autres non-c√©r√©ales;57;
Guin√©e;2014;Autres non-c√©r√©ales;69;
Guin√©e;2015;Autres non-c√©r√©ales;297;
Guin√©e;2014;BulgurFarEnt;78;
Guin√©e;2013;C√©r√©ales;2281;
Guin√©e;2014;C√©r√©ales;6150;
Guin√©e;2015;C√©r√©ales;4786;
Guin√©e;2015;Fruits secs, total;54;
Guin√©e;2013;Huiles v√©g√©tales;515;
Guin√©e;2014;Huiles v√©g√©tales;779;
Guin√©e;2015;Huiles v√©g√©tales;3049;
Guin√©e;2013;L√©gumineuses S√®ches,Tot.;511;
Guin√©e;2014;L√©gumineuses S√®ches,Tot.;1849;
Guin√©e;2015;L√©gumineuses S√®ches,Tot.;2456;
Guin√©e;2013;M√©langes et pr√©parations;306;
Guin√©e;2014;M√©langes et pr√©parations;1587;
Guin√©e;2015;M√©langes et pr√©parations;956;
Guin√©e;2013;Non-c√©r√©ales;1083;
Guin√©e;2014;Non-c√©r√©ales;2697;
Guin√©e;2015;Non-c√©r√©ales;5879;
Guin√©e;2013;Riz, total;1975;
Guin√©e;2014;Riz, total;4485;
Guin√©e;2015;Riz, total;3830;
Guin√©e;2015;Sucre, total;23;
Guin√©e-Bissau;2013;Autres non-c√©r√©ales;731;
Guin√©e-Bissau;2014;Autres non-c√©r√©ales;118;
Guin√©e-Bissau;2013;C√©r√©ales;4337;
Guin√©e-Bissau;2014;C√©r√©ales;2496;
Guin√©e-Bissau;2015;C√©r√©ales;692;
Guin√©e-Bissau;2013;Huiles v√©g√©tales;1027;
Guin√©e-Bissau;2014;Huiles v√©g√©tales;146;
Guin√©e-Bissau;2015;Huiles v√©g√©tales;415;
Guin√©e-Bissau;2013;L√©gumineuses S√®ches,Tot.;1559;
Guin√©e-Bissau;2014;L√©gumineuses S√®ches,Tot.;459;
Guin√©e-Bissau;2015;L√©gumineuses S√®ches,Tot.;275;
Guin√©e-Bissau;2013;M√©langes et pr√©parations;812;
Guin√©e-Bissau;2014;M√©langes et pr√©parations;1946;
Guin√©e-Bissau;2015;M√©langes et pr√©parations;517;
Guin√©e-Bissau;2013;Non-c√©r√©ales;3409;
Guin√©e-Bissau;2014;Non-c√©r√©ales;1213;
Guin√©e-Bissau;2015;Non-c√©r√©ales;690;
Guin√©e-Bissau;2014;Poiss&produi;490;
Guin√©e-Bissau;2013;Riz, total;3525;
Guin√©e-Bissau;2014;Riz, total;550;
Guin√©e-Bissau;2015;Riz, total;175;
Guin√©e-Bissau;2013;Sucre, total;92;
Ha√Øti;2013;Autres non-c√©r√©ales;396;
Ha√Øti;2014;Autres non-c√©r√©ales;254;
Ha√Øti;2015;Autres non-c√©r√©ales;175;
Ha√Øti;2016;Autres non-c√©r√©ales;105;
Ha√Øti;2013;BulgurFarEnt;3908;
Ha√Øti;2014;BulgurFarEnt;780;
Ha√Øti;2015;BulgurFarEnt;771;
Ha√Øti;2016;BulgurFarEnt;3544;
Ha√Øti;2013;C√©r√©ales;23158;
Ha√Øti;2014;C√©r√©ales;12440;
Ha√Øti;2015;C√©r√©ales;3421;
Ha√Øti;2016;C√©r√©ales;4005;
Ha√Øti;2013;Huiles v√©g√©tales;2218;
Ha√Øti;2014;Huiles v√©g√©tales;1315;
Ha√Øti;2015;Huiles v√©g√©tales;231;
Ha√Øti;2016;Huiles v√©g√©tales;516;
Ha√Øti;2013;Lait, total;17;
Ha√Øti;2013;L√©gumineuses S√®ches,Tot.;4613;
Ha√Øti;2014;L√©gumineuses S√®ches,Tot.;2545;
Ha√Øti;2015;L√©gumineuses S√®ches,Tot.;1006;
Ha√Øti;2016;L√©gumineuses S√®ches,Tot.;1605;
Ha√Øti;2013;M√©langes et pr√©parations;8080;
Ha√Øti;2014;M√©langes et pr√©parations;1010;
Ha√Øti;2016;M√©langes et pr√©parations;461;
Ha√Øti;2013;Non-c√©r√©ales;7449;
Ha√Øti;2014;Non-c√©r√©ales;4114;
Ha√Øti;2015;Non-c√©r√©ales;1412;
Ha√Øti;2016;Non-c√©r√©ales;2226;
Ha√Øti;2013;Riz, total;11170;
Ha√Øti;2014;Riz, total;10650;
Ha√Øti;2015;Riz, total;2650;
Ha√Øti;2013;Sucre, total;205;
Honduras;2013;C√©r√©ales;10770;
Honduras;2014;C√©r√©ales;3238;
Honduras;2015;C√©r√©ales;4072;
Honduras;2016;C√©r√©ales;753;
Honduras;2016;Fruits secs, total;331;
Honduras;2013;Huiles v√©g√©tales;2798;
Honduras;2014;Huiles v√©g√©tales;1540;
Honduras;2015;Huiles v√©g√©tales;1880;
Honduras;2016;Huiles v√©g√©tales;558;
Honduras;2014;L√©gumineuses S√®ches,Tot.;521;
Honduras;2015;L√©gumineuses S√®ches,Tot.;301;
Honduras;2016;L√©gumineuses S√®ches,Tot.;604;
Honduras;2013;M√©langes et pr√©parations;2895;
Honduras;2014;M√©langes et pr√©parations;2269;
Honduras;2015;M√©langes et pr√©parations;2772;
Honduras;2016;M√©langes et pr√©parations;443;
Honduras;2013;Non-c√©r√©ales;2798;
Honduras;2014;Non-c√©r√©ales;2061;
Honduras;2015;Non-c√©r√©ales;2181;
Honduras;2016;Non-c√©r√©ales;1493;
Honduras;2013;Riz, total;7875;
Honduras;2014;Riz, total;969;
Honduras;2015;Riz, total;1300;
Honduras;2016;Riz, total;310;
Iran (R√©publique islamique d');2013;C√©r√©ales;500;
Iran (R√©publique islamique d');2014;C√©r√©ales;325;
Iran (R√©publique islamique d');2015;C√©r√©ales;200;
Iran (R√©publique islamique d');2013;Huiles v√©g√©tales;196;
Iran (R√©publique islamique d');2014;Huiles v√©g√©tales;312;
Iran (R√©publique islamique d');2013;L√©gumineuses S√®ches,Tot.;327;
Iran (R√©publique islamique d');2014;L√©gumineuses S√®ches,Tot.;75;
Iran (R√©publique islamique d');2016;L√©gumineuses S√®ches,Tot.;241;
Iran (R√©publique islamique d');2013;Non-c√©r√©ales;569;
Iran (R√©publique islamique d');2014;Non-c√©r√©ales;412;
Iran (R√©publique islamique d');2015;Non-c√©r√©ales;46;
Iran (R√©publique islamique d');2016;Non-c√©r√©ales;291;
Iran (R√©publique islamique d');2013;Riz, total;500;
Iran (R√©publique islamique d');2014;Riz, total;325;
Iran (R√©publique islamique d');2015;Riz, total;200;
Iran (R√©publique islamique d');2013;Sucre, total;46;
Iran (R√©publique islamique d');2014;Sucre, total;25;
Iran (R√©publique islamique d');2015;Sucre, total;46;
Iran (R√©publique islamique d');2016;Sucre, total;50;
Iraq;2013;Autres non-c√©r√©ales;169;
Iraq;2015;Autres non-c√©r√©ales;1001;
Iraq;2013;C√©r√©ales;139;
Iraq;2014;C√©r√©ales;465;
Iraq;2013;Huiles v√©g√©tales;8;
Iraq;2013;L√©gumineuses S√®ches,Tot.;13;
Iraq;2013;Non-c√©r√©ales;194;
Iraq;2015;Non-c√©r√©ales;1001;
Iraq;2013;Riz, total;139;
Iraq;2014;Riz, total;465;
Iraq;2013;Sucre, total;4;
Jordanie;2013;Autres non-c√©r√©ales;5;
Jordanie;2015;Autres non-c√©r√©ales;1;
Jordanie;2013;Bl√© et Farin;35;
Jordanie;2015;Bl√© et Farin;1370;
Jordanie;2013;BulgurFarEnt;594;
Jordanie;2014;BulgurFarEnt;141;
Jordanie;2013;C√©r√©ales;2209;
Jordanie;2014;C√©r√©ales;3541;
Jordanie;2015;C√©r√©ales;1370;
Jordanie;2013;Huiles v√©g√©tales;1039;
Jordanie;2014;Huiles v√©g√©tales;454;
Jordanie;2013;Lait, total;91;
Jordanie;2013;L√©gumineuses S√®ches,Tot.;876;
Jordanie;2014;L√©gumineuses S√®ches,Tot.;386;
Jordanie;2013;M√©langes et pr√©parations;321;
Jordanie;2013;Non-c√©r√©ales;2527;
Jordanie;2014;Non-c√©r√©ales;840;
Jordanie;2015;Non-c√©r√©ales;1651;
Jordanie;2013;Poiss&produi;3;
Jordanie;2013;Riz, total;1259;
Jordanie;2014;Riz, total;3400;
Jordanie;2013;Sucre, total;513;
Jordanie;2015;Sucre, total;1650;
Kenya;2014;Autres non-c√©r√©ales;22;
Kenya;2015;Autres non-c√©r√©ales;140;
Kenya;2013;Bl√© et Farin;34520;
Kenya;2014;Bl√© et Farin;37940;
Kenya;2015;Bl√© et Farin;25809;
Kenya;2014;BulgurFarEnt;11507;
Kenya;2013;C√©r√©ales;92906;
Kenya;2014;C√©r√©ales;92993;
Kenya;2015;C√©r√©ales;45899;
Kenya;2013;C√©r√©ales Secondaires;52400;
Kenya;2014;C√©r√©ales Secondaires;43546;
Kenya;2015;C√©r√©ales Secondaires;20090;
Kenya;2013;Fruits secs, total;306;
Kenya;2015;Fruits secs, total;324;
Kenya;2013;Huiles v√©g√©tales;1900;
Kenya;2014;Huiles v√©g√©tales;4768;
Kenya;2015;Huiles v√©g√©tales;50;
Kenya;2014;Lait, total;125;
Kenya;2013;L√©gumineuses S√®ches,Tot.;15325;
Kenya;2014;L√©gumineuses S√®ches,Tot.;10801;
Kenya;2015;L√©gumineuses S√®ches,Tot.;10813;
Kenya;2013;M√©langes et pr√©parations;1348;
Kenya;2013;Non-c√©r√©ales;17577;
Kenya;2014;Non-c√©r√©ales;15716;
Kenya;2015;Non-c√©r√©ales;11327;
Kenya;2013;Riz, total;4638;
Kenya;2013;Sucre, total;46;
Kirghizistan;2013;Bl√© et Farin;360;
Kirghizistan;2014;Bl√© et Farin;380;
Kirghizistan;2015;Bl√© et Farin;180;
Kirghizistan;2013;C√©r√©ales;540;
Kirghizistan;2014;C√©r√©ales;570;
Kirghizistan;2015;C√©r√©ales;270;
Kirghizistan;2013;Huiles v√©g√©tales;399;
Kirghizistan;2014;Huiles v√©g√©tales;50;
Kirghizistan;2015;Huiles v√©g√©tales;40;
Kirghizistan;2013;L√©gumineuses S√®ches,Tot.;80;
Kirghizistan;2014;L√©gumineuses S√®ches,Tot.;80;
Kirghizistan;2015;L√©gumineuses S√®ches,Tot.;40;
Kirghizistan;2013;Non-c√©r√©ales;479;
Kirghizistan;2014;Non-c√©r√©ales;130;
Kirghizistan;2015;Non-c√©r√©ales;80;
Kirghizistan;2013;Riz, total;180;
Kirghizistan;2014;Riz, total;190;
Kirghizistan;2015;Riz, total;90;
Lesotho;2014;Bl√© et Farin;470;
Lesotho;2013;C√©r√©ales;1175;
Lesotho;2014;C√©r√©ales;1539;
Lesotho;2013;Huiles v√©g√©tales;91;
Lesotho;2014;Huiles v√©g√©tales;208;
Lesotho;2015;Huiles v√©g√©tales;111;
Lesotho;2013;L√©gumineuses S√®ches,Tot.;81;
Lesotho;2014;L√©gumineuses S√®ches,Tot.;373;
Lesotho;2015;L√©gumineuses S√®ches,Tot.;720;
Lesotho;2013;M√©langes et pr√©parations;1175;
Lesotho;2014;M√©langes et pr√©parations;1069;
Lesotho;2013;Non-c√©r√©ales;308;
Lesotho;2014;Non-c√©r√©ales;765;
Lesotho;2015;Non-c√©r√©ales;1525;
Lesotho;2013;Poiss&produi;136;
Lesotho;2015;Poiss&produi;569;
Lesotho;2014;Sucre, total;184;
Lesotho;2015;Sucre, total;125;
Liban;2013;Autres non-c√©r√©ales;2;
Liban;2013;C√©r√©ales;776;
Liban;2014;Fruits secs, total;390;
Liban;2016;Fruits secs, total;800;
Liban;2013;Huiles v√©g√©tales;848;
Liban;2014;Huiles v√©g√©tales;320;
Liban;2013;L√©gumineuses S√®ches,Tot.;698;
Liban;2014;L√©gumineuses S√®ches,Tot.;350;
Liban;2013;Non-c√©r√©ales;1551;
Liban;2014;Non-c√©r√©ales;1060;
Liban;2016;Non-c√©r√©ales;800;
Liban;2013;Riz, total;776;
Liban;2013;Sucre, total;3;
Lib√©ria;2013;Autres non-c√©r√©ales;2;
Lib√©ria;2014;Autres non-c√©r√©ales;1;
Lib√©ria;2013;BulgurFarEnt;80;
Lib√©ria;2014;BulgurFarEnt;420;
Lib√©ria;2013;C√©r√©ales;8520;
Lib√©ria;2014;C√©r√©ales;879;
Lib√©ria;2014;Huiles v√©g√©tales;201;
Lib√©ria;2013;L√©gumineuses S√®ches,Tot.;70;
Lib√©ria;2014;L√©gumineuses S√®ches,Tot.;250;
Lib√©ria;2013;M√©langes et pr√©parations;380;
Lib√©ria;2014;M√©langes et pr√©parations;459;
Lib√©ria;2013;Non-c√©r√©ales;72;
Lib√©ria;2014;Non-c√©r√©ales;452;
Lib√©ria;2013;Riz, total;8060;
Libye;2014;Autres non-c√©r√©ales;298;
Libye;2015;Autres non-c√©r√©ales;2139;
Libye;2016;Autres non-c√©r√©ales;2207;
Libye;2014;Non-c√©r√©ales;298;
Libye;2015;Non-c√©r√©ales;2139;
Libye;2016;Non-c√©r√©ales;2207;
Madagascar;2013;Autres non-c√©r√©ales;5;
Madagascar;2014;Autres non-c√©r√©ales;80;
Madagascar;2015;Autres non-c√©r√©ales;9;
Madagascar;2013;C√©r√©ales;18721;
Madagascar;2014;C√©r√©ales;9499;
Madagascar;2015;C√©r√©ales;11218;
Madagascar;2013;C√©r√©ales Secondaires;9758;
Madagascar;2014;C√©r√©ales Secondaires;6627;
Madagascar;2015;C√©r√©ales Secondaires;7190;
Madagascar;2013;Huiles v√©g√©tales;3422;
Madagascar;2014;Huiles v√©g√©tales;500;
Madagascar;2015;Huiles v√©g√©tales;512;
Madagascar;2013;L√©gumineuses S√®ches,Tot.;2043;
Madagascar;2014;L√©gumineuses S√®ches,Tot.;888;
Madagascar;2015;L√©gumineuses S√®ches,Tot.;1442;
Madagascar;2013;M√©langes et pr√©parations;1918;
Madagascar;2014;M√©langes et pr√©parations;1035;
Madagascar;2015;M√©langes et pr√©parations;1774;
Madagascar;2013;Non-c√©r√©ales;5470;
Madagascar;2014;Non-c√©r√©ales;1468;
Madagascar;2015;Non-c√©r√©ales;1963;
Madagascar;2013;Riz, total;7045;
Madagascar;2014;Riz, total;1837;
Madagascar;2015;Riz, total;2254;
Malawi;2013;Autres non-c√©r√©ales;63;
Malawi;2014;Autres non-c√©r√©ales;154;
Malawi;2015;Autres non-c√©r√©ales;74;
Malawi;2013;Bl√© et Farin;15000;
Malawi;2013;C√©r√©ales;18103;
Malawi;2014;C√©r√©ales;11327;
Malawi;2015;C√©r√©ales;3053;
Malawi;2013;Huiles v√©g√©tales;6078;
Malawi;2014;Huiles v√©g√©tales;49;
Malawi;2015;Huiles v√©g√©tales;1027;
Malawi;2013;L√©gumineuses S√®ches,Tot.;2479;
Malawi;2014;L√©gumineuses S√®ches,Tot.;695;
Malawi;2015;L√©gumineuses S√®ches,Tot.;1549;
Malawi;2016;L√©gumineuses S√®ches,Tot.;860;
Malawi;2013;M√©langes et pr√©parations;3103;
Malawi;2014;M√©langes et pr√©parations;11327;
Malawi;2015;M√©langes et pr√©parations;3053;
Malawi;2013;Non-c√©r√©ales;8620;
Malawi;2014;Non-c√©r√©ales;898;
Malawi;2015;Non-c√©r√©ales;2650;
Malawi;2016;Non-c√©r√©ales;860;
Mali;2013;Autres non-c√©r√©ales;853;
Mali;2014;Autres non-c√©r√©ales;706;
Mali;2015;Autres non-c√©r√©ales;66;
Mali;2013;Bl√© et Farin;1674;
Mali;2014;Bl√© et Farin;10000;
Mali;2013;BulgurFarEnt;2868;
Mali;2013;C√©r√©ales;24688;
Mali;2014;C√©r√©ales;19146;
Mali;2015;C√©r√©ales;1665;
Mali;2013;Huiles v√©g√©tales;6955;
Mali;2014;Huiles v√©g√©tales;2107;
Mali;2015;Huiles v√©g√©tales;2420;
Mali;2013;L√©gumineuses S√®ches,Tot.;7747;
Mali;2014;L√©gumineuses S√®ches,Tot.;6163;
Mali;2015;L√©gumineuses S√®ches,Tot.;2277;
Mali;2013;M√©langes et pr√©parations;3802;
Mali;2014;M√©langes et pr√©parations;8317;
Mali;2015;M√©langes et pr√©parations;1665;
Mali;2013;Non-c√©r√©ales;15555;
Mali;2014;Non-c√©r√©ales;8976;
Mali;2015;Non-c√©r√©ales;4763;
Mali;2013;Riz, total;16344;
Mali;2014;Riz, total;829;
Mauritanie;2013;Autres non-c√©r√©ales;89;
Mauritanie;2014;Autres non-c√©r√©ales;169;
Mauritanie;2015;Autres non-c√©r√©ales;67;
Mauritanie;2015;Bl√© et Farin;2040;
Mauritanie;2013;C√©r√©ales;8456;
Mauritanie;2014;C√©r√©ales;3166;
Mauritanie;2015;C√©r√©ales;6028;
Mauritanie;2016;C√©r√©ales;1493;
Mauritanie;2013;Fruits secs, total;153;
Mauritanie;2015;Fruits secs, total;504;
Mauritanie;2016;Fruits secs, total;72;
Mauritanie;2013;Huiles v√©g√©tales;957;
Mauritanie;2014;Huiles v√©g√©tales;2437;
Mauritanie;2015;Huiles v√©g√©tales;268;
Mauritanie;2013;L√©gumineuses S√®ches,Tot.;3133;
Mauritanie;2014;L√©gumineuses S√®ches,Tot.;1116;
Mauritanie;2015;L√©gumineuses S√®ches,Tot.;483;
Mauritanie;2013;M√©langes et pr√©parations;1560;
Mauritanie;2014;M√©langes et pr√©parations;358;
Mauritanie;2015;M√©langes et pr√©parations;2393;
Mauritanie;2013;Non-c√©r√©ales;4332;
Mauritanie;2014;Non-c√©r√©ales;3722;
Mauritanie;2015;Non-c√©r√©ales;1322;
Mauritanie;2016;Non-c√©r√©ales;72;
Mauritanie;2013;Riz, total;6896;
Mauritanie;2014;Riz, total;2808;
Mauritanie;2015;Riz, total;1595;
Mauritanie;2016;Riz, total;1493;
Mozambique;2013;C√©r√©ales;7908;
Mozambique;2014;C√©r√©ales;2209;
Mozambique;2015;C√©r√©ales;1619;
Mozambique;2013;C√©r√©ales Secondaires;504;
Mozambique;2013;Huiles v√©g√©tales;11070;
Mozambique;2014;Huiles v√©g√©tales;6500;
Mozambique;2013;M√©langes et pr√©parations;7404;
Mozambique;2014;M√©langes et pr√©parations;2209;
Mozambique;2015;M√©langes et pr√©parations;1619;
Mozambique;2013;Non-c√©r√©ales;11070;
Mozambique;2014;Non-c√©r√©ales;6500;
Myanmar;2014;Autres non-c√©r√©ales;5;
Myanmar;2013;C√©r√©ales;714;
Myanmar;2014;C√©r√©ales;691;
Myanmar;2015;C√©r√©ales;1221;
Myanmar;2013;Huiles v√©g√©tales;2410;
Myanmar;2014;Huiles v√©g√©tales;1873;
Myanmar;2015;Huiles v√©g√©tales;2356;
Myanmar;2013;M√©langes et pr√©parations;714;
Myanmar;2014;M√©langes et pr√©parations;610;
Myanmar;2015;M√©langes et pr√©parations;1221;
Myanmar;2013;Non-c√©r√©ales;2410;
Myanmar;2014;Non-c√©r√©ales;1883;
Myanmar;2015;Non-c√©r√©ales;2356;
Myanmar;2014;Riz, total;81;
Myanmar;2014;Sucre, total;5;
N√©pal;2015;Autres non-c√©r√©ales;23;
N√©pal;2013;C√©r√©ales;5283;
N√©pal;2014;C√©r√©ales;150;
N√©pal;2015;C√©r√©ales;5498;
N√©pal;2016;C√©r√©ales;1362;
N√©pal;2013;Huiles v√©g√©tales;377;
N√©pal;2014;Huiles v√©g√©tales;275;
N√©pal;2015;Huiles v√©g√©tales;452;
N√©pal;2016;Huiles v√©g√©tales;380;
N√©pal;2013;L√©gumineuses S√®ches,Tot.;474;
N√©pal;2014;L√©gumineuses S√®ches,Tot.;220;
N√©pal;2015;L√©gumineuses S√®ches,Tot.;520;
N√©pal;2013;M√©langes et pr√©parations;2647;
N√©pal;2015;M√©langes et pr√©parations;4028;
N√©pal;2016;M√©langes et pr√©parations;1232;
N√©pal;2013;Non-c√©r√©ales;915;
N√©pal;2014;Non-c√©r√©ales;495;
N√©pal;2015;Non-c√©r√©ales;995;
N√©pal;2016;Non-c√©r√©ales;380;
N√©pal;2013;Riz, total;2636;
N√©pal;2014;Riz, total;150;
N√©pal;2015;Riz, total;1470;
N√©pal;2016;Riz, total;130;
N√©pal;2013;Sucre, total;64;
Nicaragua;2013;Autres non-c√©r√©ales;368;
Nicaragua;2014;Autres non-c√©r√©ales;190;
Nicaragua;2014;Bl√© et Farin;290;
Nicaragua;2015;Bl√© et Farin;18800;
Nicaragua;2013;C√©r√©ales;4509;
Nicaragua;2014;C√©r√©ales;3143;
Nicaragua;2015;C√©r√©ales;19445;
Nicaragua;2016;C√©r√©ales;638;
Nicaragua;2015;C√©r√©ales Secondaires;170;
Nicaragua;2013;Fruits secs, total;136;
Nicaragua;2015;Fruits secs, total;72;
Nicaragua;2016;Fruits secs, total;234;
Nicaragua;2013;Huiles v√©g√©tales;3923;
Nicaragua;2014;Huiles v√©g√©tales;4189;
Nicaragua;2015;Huiles v√©g√©tales;4180;
Nicaragua;2013;Lait, total;200;
Nicaragua;2014;Lait, total;150;
Nicaragua;2015;Lait, total;225;
Nicaragua;2013;L√©gumineuses S√®ches,Tot.;6390;
Nicaragua;2014;L√©gumineuses S√®ches,Tot.;9380;
Nicaragua;2015;L√©gumineuses S√®ches,Tot.;294;
Nicaragua;2013;M√©langes et pr√©parations;1873;
Nicaragua;2014;M√©langes et pr√©parations;1423;
Nicaragua;2015;M√©langes et pr√©parations;150;
Nicaragua;2016;M√©langes et pr√©parations;497;
Nicaragua;2013;Non-c√©r√©ales;11017;
Nicaragua;2014;Non-c√©r√©ales;13909;
Nicaragua;2015;Non-c√©r√©ales;4771;
Nicaragua;2016;Non-c√©r√©ales;234;
Nicaragua;2013;Riz, total;2636;
Nicaragua;2014;Riz, total;1430;
Nicaragua;2015;Riz, total;325;
Nicaragua;2016;Riz, total;141;
Niger;2013;Autres non-c√©r√©ales;1149;
Niger;2014;Autres non-c√©r√©ales;1230;
Niger;2015;Autres non-c√©r√©ales;22;
Niger;2016;Autres non-c√©r√©ales;19;
Niger;2013;BulgurFarEnt;5274;
Niger;2014;BulgurFarEnt;2748;
Niger;2015;BulgurFarEnt;2619;
Niger;2013;C√©r√©ales;26716;
Niger;2014;C√©r√©ales;27096;
Niger;2015;C√©r√©ales;21534;
Niger;2016;C√©r√©ales;40386;
Niger;2013;Huiles v√©g√©tales;1351;
Niger;2014;Huiles v√©g√©tales;1916;
Niger;2015;Huiles v√©g√©tales;1945;
Niger;2016;Huiles v√©g√©tales;1043;
Niger;2013;L√©gumineuses S√®ches,Tot.;2144;
Niger;2014;L√©gumineuses S√®ches,Tot.;2871;
Niger;2015;L√©gumineuses S√®ches,Tot.;3827;
Niger;2016;L√©gumineuses S√®ches,Tot.;4923;
Niger;2013;M√©langes et pr√©parations;10383;
Niger;2014;M√©langes et pr√©parations;12740;
Niger;2015;M√©langes et pr√©parations;9994;
Niger;2016;M√©langes et pr√©parations;5861;
Niger;2013;Non-c√©r√©ales;4644;
Niger;2014;Non-c√©r√©ales;6017;
Niger;2015;Non-c√©r√©ales;5794;
Niger;2016;Non-c√©r√©ales;5985;
Niger;2013;Riz, total;11059;
Niger;2014;Riz, total;11608;
Niger;2015;Riz, total;8921;
Niger;2016;Riz, total;34525;
Ouganda;2015;Autres non-c√©r√©ales;4;
Ouganda;2013;C√©r√©ales;8356;
Ouganda;2014;C√©r√©ales;13359;
Ouganda;2015;C√©r√©ales;1578;
Ouganda;2013;C√©r√©ales Secondaires;6435;
Ouganda;2014;C√©r√©ales Secondaires;10375;
Ouganda;2015;C√©r√©ales Secondaires;1578;
Ouganda;2013;Huiles v√©g√©tales;681;
Ouganda;2014;Huiles v√©g√©tales;2144;
Ouganda;2015;Huiles v√©g√©tales;470;
Ouganda;2013;L√©gumineuses S√®ches,Tot.;1800;
Ouganda;2014;L√©gumineuses S√®ches,Tot.;2768;
Ouganda;2015;L√©gumineuses S√®ches,Tot.;1105;
Ouganda;2013;M√©langes et pr√©parations;1803;
Ouganda;2014;M√©langes et pr√©parations;2984;
Ouganda;2013;Non-c√©r√©ales;2527;
Ouganda;2014;Non-c√©r√©ales;4912;
Ouganda;2015;Non-c√©r√©ales;1579;
Ouganda;2013;Riz, total;118;
Ouganda;2013;Sucre, total;46;
Pakistan;2013;Autres non-c√©r√©ales;9;
Pakistan;2014;Autres non-c√©r√©ales;530;
Pakistan;2015;Autres non-c√©r√©ales;530;
Pakistan;2013;C√©r√©ales;29141;
Pakistan;2014;C√©r√©ales;32889;
Pakistan;2013;Fruits secs, total;158;
Pakistan;2014;Fruits secs, total;150;
Pakistan;2013;Huiles v√©g√©tales;7193;
Pakistan;2014;Huiles v√©g√©tales;10776;
Pakistan;2015;Huiles v√©g√©tales;9190;
Pakistan;2013;L√©gumineuses S√®ches,Tot.;14181;
Pakistan;2014;L√©gumineuses S√®ches,Tot.;10789;
Pakistan;2013;M√©langes et pr√©parations;2963;
Pakistan;2014;M√©langes et pr√©parations;6005;
Pakistan;2013;Non-c√©r√©ales;21541;
Pakistan;2014;Non-c√©r√©ales;22245;
Pakistan;2015;Non-c√©r√©ales;9720;
Pakistan;2013;Riz, total;26178;
Pakistan;2014;Riz, total;26884;
Palestine;2013;Bl√© et Farin;20167;
Palestine;2014;Bl√© et Farin;35208;
Palestine;2015;Bl√© et Farin;15390;
Palestine;2013;C√©r√©ales;20167;
Palestine;2014;C√©r√©ales;35208;
Palestine;2015;C√©r√©ales;15390;
Palestine;2013;Huiles v√©g√©tales;2998;
Palestine;2014;Huiles v√©g√©tales;2484;
Palestine;2015;Huiles v√©g√©tales;468;
Palestine;2013;L√©gumineuses S√®ches,Tot.;1710;
Palestine;2014;L√©gumineuses S√®ches,Tot.;2286;
Palestine;2015;L√©gumineuses S√®ches,Tot.;774;
Palestine;2013;Non-c√©r√©ales;6476;
Palestine;2014;Non-c√©r√©ales;6359;
Palestine;2015;Non-c√©r√©ales;1242;
Palestine;2013;Poiss&produi;148;
Palestine;2014;Poiss&produi;95;
Palestine;2013;Sucre, total;1620;
Palestine;2014;Sucre, total;1494;
Philippines;2013;Autres non-c√©r√©ales;158;
Philippines;2014;Autres non-c√©r√©ales;144;
Philippines;2015;Autres non-c√©r√©ales;43;
Philippines;2013;C√©r√©ales;30262;
Philippines;2014;C√©r√©ales;31140;
Philippines;2015;C√©r√©ales;1944;
Philippines;2013;Fruits secs, total;153;
Philippines;2013;Huiles v√©g√©tales;109;
Philippines;2014;Huiles v√©g√©tales;238;
Philippines;2013;L√©gumineuses S√®ches,Tot.;400;
Philippines;2014;L√©gumineuses S√®ches,Tot.;21190;
Philippines;2015;L√©gumineuses S√®ches,Tot.;80;
Philippines;2013;Non-c√©r√©ales;820;
Philippines;2014;Non-c√©r√©ales;21572;
Philippines;2015;Non-c√©r√©ales;123;
Philippines;2013;Riz, total;30262;
Philippines;2014;Riz, total;31140;
Philippines;2015;Riz, total;1944;
R√©publique arabe syrienne;2013;Autres non-c√©r√©ales;559;
R√©publique arabe syrienne;2014;Autres non-c√©r√©ales;30;
R√©publique arabe syrienne;2015;Autres non-c√©r√©ales;3196;
R√©publique arabe syrienne;2013;Bl√© et Farin;122708;
R√©publique arabe syrienne;2014;Bl√© et Farin;103823;
R√©publique arabe syrienne;2015;Bl√© et Farin;68726;
R√©publique arabe syrienne;2016;Bl√© et Farin;11428;
R√©publique arabe syrienne;2013;BulgurFarEnt;12033;
R√©publique arabe syrienne;2014;BulgurFarEnt;47816;
R√©publique arabe syrienne;2015;BulgurFarEnt;24673;
R√©publique arabe syrienne;2016;BulgurFarEnt;8581;
R√©publique arabe syrienne;2013;C√©r√©ales;189623;
R√©publique arabe syrienne;2014;C√©r√©ales;225007;
R√©publique arabe syrienne;2015;C√©r√©ales;181475;
R√©publique arabe syrienne;2016;C√©r√©ales;29569;
R√©publique arabe syrienne;2013;Graisses Com;50;
R√©publique arabe syrienne;2013;Huiles v√©g√©tales;27721;
R√©publique arabe syrienne;2014;Huiles v√©g√©tales;10717;
R√©publique arabe syrienne;2015;Huiles v√©g√©tales;3698;
R√©publique arabe syrienne;2013;Lait, total;1280;
R√©publique arabe syrienne;2014;Lait, total;1438;
R√©publique arabe syrienne;2013;L√©gumineuses S√®ches,Tot.;39032;
R√©publique arabe syrienne;2014;L√©gumineuses S√®ches,Tot.;80947;
R√©publique arabe syrienne;2015;L√©gumineuses S√®ches,Tot.;44995;
R√©publique arabe syrienne;2016;L√©gumineuses S√®ches,Tot.;21752;
R√©publique arabe syrienne;2013;Non-c√©r√©ales;92273;
R√©publique arabe syrienne;2014;Non-c√©r√©ales;101209;
R√©publique arabe syrienne;2015;Non-c√©r√©ales;81052;
R√©publique arabe syrienne;2016;Non-c√©r√©ales;29710;
R√©publique arabe syrienne;2013;Poiss&produi;789;
R√©publique arabe syrienne;2013;Riz, total;54882;
R√©publique arabe syrienne;2014;Riz, total;73368;
R√©publique arabe syrienne;2015;Riz, total;88076;
R√©publique arabe syrienne;2016;Riz, total;9560;
R√©publique arabe syrienne;2013;Sucre, total;22616;
R√©publique arabe syrienne;2014;Sucre, total;7515;
R√©publique arabe syrienne;2015;Sucre, total;29058;
R√©publique arabe syrienne;2016;Sucre, total;7958;
R√©publique centrafricaine;2013;Autres non-c√©r√©ales;112;
R√©publique centrafricaine;2014;Autres non-c√©r√©ales;1412;
R√©publique centrafricaine;2015;Autres non-c√©r√©ales;105;
R√©publique centrafricaine;2013;C√©r√©ales;6391;
R√©publique centrafricaine;2014;C√©r√©ales;9652;
R√©publique centrafricaine;2015;C√©r√©ales;7146;
R√©publique centrafricaine;2013;C√©r√©ales Secondaires;3803;
R√©publique centrafricaine;2014;C√©r√©ales Secondaires;2852;
R√©publique centrafricaine;2015;C√©r√©ales Secondaires;2595;
R√©publique centrafricaine;2013;Huiles v√©g√©tales;722;
R√©publique centrafricaine;2014;Huiles v√©g√©tales;739;
R√©publique centrafricaine;2015;Huiles v√©g√©tales;1288;
R√©publique centrafricaine;2013;L√©gumineuses S√®ches,Tot.;1330;
R√©publique centrafricaine;2014;L√©gumineuses S√®ches,Tot.;1906;
R√©publique centrafricaine;2015;L√©gumineuses S√®ches,Tot.;2479;
R√©publique centrafricaine;2013;M√©langes et pr√©parations;413;
R√©publique centrafricaine;2014;M√©langes et pr√©parations;3672;
R√©publique centrafricaine;2015;M√©langes et pr√©parations;580;
R√©publique centrafricaine;2013;Non-c√©r√©ales;2187;
R√©publique centrafricaine;2014;Non-c√©r√©ales;4057;
R√©publique centrafricaine;2015;Non-c√©r√©ales;3872;
R√©publique centrafricaine;2013;Riz, total;2175;
R√©publique centrafricaine;2014;Riz, total;3128;
R√©publique centrafricaine;2015;Riz, total;3971;
R√©publique centrafricaine;2013;Sucre, total;23;
R√©publique d√©mocratique du Congo;2013;Autres non-c√©r√©ales;684;
R√©publique d√©mocratique du Congo;2014;Autres non-c√©r√©ales;831;
R√©publique d√©mocratique du Congo;2015;Autres non-c√©r√©ales;649;
R√©publique d√©mocratique du Congo;2013;C√©r√©ales;58011;
R√©publique d√©mocratique du Congo;2014;C√©r√©ales;29662;
R√©publique d√©mocratique du Congo;2015;C√©r√©ales;28365;
R√©publique d√©mocratique du Congo;2013;C√©r√©ales Secondaires;24094;
R√©publique d√©mocratique du Congo;2014;C√©r√©ales Secondaires;24084;
R√©publique d√©mocratique du Congo;2015;C√©r√©ales Secondaires;446;
R√©publique d√©mocratique du Congo;2013;Huiles v√©g√©tales;3605;
R√©publique d√©mocratique du Congo;2014;Huiles v√©g√©tales;1261;
R√©publique d√©mocratique du Congo;2015;Huiles v√©g√©tales;1440;
R√©publique d√©mocratique du Congo;2013;L√©gumineuses S√®ches,Tot.;12322;
R√©publique d√©mocratique du Congo;2014;L√©gumineuses S√®ches,Tot.;3313;
R√©publique d√©mocratique du Congo;2015;L√©gumineuses S√®ches,Tot.;3455;
R√©publique d√©mocratique du Congo;2013;M√©langes et pr√©parations;8045;
R√©publique d√©mocratique du Congo;2014;M√©langes et pr√©parations;5578;
R√©publique d√©mocratique du Congo;2015;M√©langes et pr√©parations;27523;
R√©publique d√©mocratique du Congo;2013;Non-c√©r√©ales;17149;
R√©publique d√©mocratique du Congo;2014;Non-c√©r√©ales;5405;
R√©publique d√©mocratique du Congo;2015;Non-c√©r√©ales;5659;
R√©publique d√©mocratique du Congo;2013;Riz, total;25872;
R√©publique d√©mocratique du Congo;2015;Riz, total;396;
R√©publique d√©mocratique du Congo;2013;Sucre, total;538;
R√©publique d√©mocratique du Congo;2015;Sucre, total;115;
R√©publique d√©mocratique populaire lao;2013;Autres non-c√©r√©ales;176;
R√©publique d√©mocratique populaire lao;2014;Autres non-c√©r√©ales;283;
R√©publique d√©mocratique populaire lao;2015;Autres non-c√©r√©ales;229;
R√©publique d√©mocratique populaire lao;2013;C√©r√©ales;3758;
R√©publique d√©mocratique populaire lao;2014;C√©r√©ales;4434;
R√©publique d√©mocratique populaire lao;2015;C√©r√©ales;2627;
R√©publique d√©mocratique populaire lao;2013;Huiles v√©g√©tales;359;
R√©publique d√©mocratique populaire lao;2014;Huiles v√©g√©tales;860;
R√©publique d√©mocratique populaire lao;2015;Huiles v√©g√©tales;86;
R√©publique d√©mocratique populaire lao;2013;L√©gumineuses S√®ches,Tot.;297;
R√©publique d√©mocratique populaire lao;2014;L√©gumineuses S√®ches,Tot.;70;
R√©publique d√©mocratique populaire lao;2015;L√©gumineuses S√®ches,Tot.;70;
R√©publique d√©mocratique populaire lao;2013;M√©langes et pr√©parations;2609;
R√©publique d√©mocratique populaire lao;2014;M√©langes et pr√©parations;1826;
R√©publique d√©mocratique populaire lao;2015;M√©langes et pr√©parations;1378;
R√©publique d√©mocratique populaire lao;2013;Non-c√©r√©ales;832;
R√©publique d√©mocratique populaire lao;2014;Non-c√©r√©ales;1213;
R√©publique d√©mocratique populaire lao;2015;Non-c√©r√©ales;1136;
R√©publique d√©mocratique populaire lao;2015;Poiss&produi;446;
R√©publique d√©mocratique populaire lao;2013;Riz, total;1149;
R√©publique d√©mocratique populaire lao;2014;Riz, total;2608;
R√©publique d√©mocratique populaire lao;2015;Riz, total;1249;
R√©publique d√©mocratique populaire lao;2015;Sucre, total;305;
R√©publique dominicaine;2013;Autres non-c√©r√©ales;12;
R√©publique dominicaine;2015;Autres non-c√©r√©ales;5;
R√©publique dominicaine;2016;Autres non-c√©r√©ales;3;
R√©publique dominicaine;2014;Bl√© et Farin;17300;
R√©publique dominicaine;2014;C√©r√©ales;17507;
R√©publique dominicaine;2015;C√©r√©ales;113;
R√©publique dominicaine;2016;C√©r√©ales;113;
R√©publique dominicaine;2013;L√©gumineuses S√®ches,Tot.;24500;
R√©publique dominicaine;2014;M√©langes et pr√©parations;207;
R√©publique dominicaine;2015;M√©langes et pr√©parations;113;
R√©publique dominicaine;2016;M√©langes et pr√©parations;113;
R√©publique dominicaine;2013;Non-c√©r√©ales;24512;
R√©publique dominicaine;2015;Non-c√©r√©ales;5;
R√©publique dominicaine;2016;Non-c√©r√©ales;3;
R√©publique populaire d√©mocratique de Cor√©e;2013;Bl√© et Farin;25962;
R√©publique populaire d√©mocratique de Cor√©e;2014;Bl√© et Farin;9684;
R√©publique populaire d√©mocratique de Cor√©e;2015;Bl√© et Farin;13485;
R√©publique populaire d√©mocratique de Cor√©e;2013;C√©r√©ales;29544;
R√©publique populaire d√©mocratique de Cor√©e;2014;C√©r√©ales;16279;
R√©publique populaire d√©mocratique de Cor√©e;2015;C√©r√©ales;22335;
R√©publique populaire d√©mocratique de Cor√©e;2013;C√©r√©ales Secondaires;3582;
R√©publique populaire d√©mocratique de Cor√©e;2014;C√©r√©ales Secondaires;6395;
R√©publique populaire d√©mocratique de Cor√©e;2015;C√©r√©ales Secondaires;8625;
R√©publique populaire d√©mocratique de Cor√©e;2013;Huiles v√©g√©tales;1681;
R√©publique populaire d√©mocratique de Cor√©e;2014;Huiles v√©g√©tales;1280;
R√©publique populaire d√©mocratique de Cor√©e;2015;Huiles v√©g√©tales;3111;
R√©publique populaire d√©mocratique de Cor√©e;2013;Lait, total;900;
R√©publique populaire d√©mocratique de Cor√©e;2014;Lait, total;1772;
R√©publique populaire d√©mocratique de Cor√©e;2015;Lait, total;1375;
R√©publique populaire d√©mocratique de Cor√©e;2016;Lait, total;775;
R√©publique populaire d√©mocratique de Cor√©e;2013;L√©gumineuses S√®ches,Tot.;1867;
R√©publique populaire d√©mocratique de Cor√©e;2014;L√©gumineuses S√®ches,Tot.;648;
R√©publique populaire d√©mocratique de Cor√©e;2015;L√©gumineuses S√®ches,Tot.;6776;
R√©publique populaire d√©mocratique de Cor√©e;2013;Non-c√©r√©ales;6118;
R√©publique populaire d√©mocratique de Cor√©e;2014;Non-c√©r√©ales;5312;
R√©publique populaire d√©mocratique de Cor√©e;2015;Non-c√©r√©ales;12918;
R√©publique populaire d√©mocratique de Cor√©e;2016;Non-c√©r√©ales;1200;
R√©publique populaire d√©mocratique de Cor√©e;2014;Riz, total;200;
R√©publique populaire d√©mocratique de Cor√©e;2015;Riz, total;225;
R√©publique populaire d√©mocratique de Cor√©e;2013;Sucre, total;1670;
R√©publique populaire d√©mocratique de Cor√©e;2014;Sucre, total;1612;
R√©publique populaire d√©mocratique de Cor√©e;2015;Sucre, total;1656;
R√©publique populaire d√©mocratique de Cor√©e;2016;Sucre, total;425;
R√©publique-Unie de Tanzanie;2013;Bl√© et Farin;11830;
R√©publique-Unie de Tanzanie;2014;Bl√© et Farin;30000;
R√©publique-Unie de Tanzanie;2015;Bl√© et Farin;24000;
R√©publique-Unie de Tanzanie;2013;C√©r√©ales;19345;
R√©publique-Unie de Tanzanie;2014;C√©r√©ales;35455;
R√©publique-Unie de Tanzanie;2015;C√©r√©ales;25311;
R√©publique-Unie de Tanzanie;2013;C√©r√©ales Secondaires;3626;
R√©publique-Unie de Tanzanie;2014;C√©r√©ales Secondaires;2760;
R√©publique-Unie de Tanzanie;2013;Fruits secs, total;153;
R√©publique-Unie de Tanzanie;2015;Fruits secs, total;54;
R√©publique-Unie de Tanzanie;2013;Huiles v√©g√©tales;357;
R√©publique-Unie de Tanzanie;2014;Huiles v√©g√©tales;368;
R√©publique-Unie de Tanzanie;2015;Huiles v√©g√©tales;185;
R√©publique-Unie de Tanzanie;2013;L√©gumineuses S√®ches,Tot.;1703;
R√©publique-Unie de Tanzanie;2014;L√©gumineuses S√®ches,Tot.;2480;
R√©publique-Unie de Tanzanie;2015;L√©gumineuses S√®ches,Tot.;600;
R√©publique-Unie de Tanzanie;2013;M√©langes et pr√©parations;2560;
R√©publique-Unie de Tanzanie;2014;M√©langes et pr√©parations;1925;
R√©publique-Unie de Tanzanie;2015;M√©langes et pr√©parations;1311;
R√©publique-Unie de Tanzanie;2013;Non-c√©r√©ales;2213;
R√©publique-Unie de Tanzanie;2014;Non-c√©r√©ales;2848;
R√©publique-Unie de Tanzanie;2015;Non-c√©r√©ales;839;
R√©publique-Unie de Tanzanie;2013;Riz, total;1329;
R√©publique-Unie de Tanzanie;2014;Riz, total;770;
Rwanda;2013;C√©r√©ales;3139;
Rwanda;2014;C√©r√©ales;880;
Rwanda;2013;Huiles v√©g√©tales;689;
Rwanda;2014;Huiles v√©g√©tales;312;
Rwanda;2013;L√©gumineuses S√®ches,Tot.;638;
Rwanda;2013;M√©langes et pr√©parations;497;
Rwanda;2014;M√©langes et pr√©parations;880;
Rwanda;2013;Non-c√©r√©ales;1327;
Rwanda;2014;Non-c√©r√©ales;358;
Rwanda;2013;Riz, total;2642;
Rwanda;2014;Sucre, total;46;
Sao Tom√©-et-Principe;2013;C√©r√©ales;280;
Sao Tom√©-et-Principe;2014;C√©r√©ales;428;
Sao Tom√©-et-Principe;2013;Huiles v√©g√©tales;36;
Sao Tom√©-et-Principe;2013;L√©gumineuses S√®ches,Tot.;129;
Sao Tom√©-et-Principe;2014;L√©gumineuses S√®ches,Tot.;40;
Sao Tom√©-et-Principe;2013;Non-c√©r√©ales;165;
Sao Tom√©-et-Principe;2014;Non-c√©r√©ales;40;
Sao Tom√©-et-Principe;2013;Riz, total;280;
Sao Tom√©-et-Principe;2014;Riz, total;428;
S√©n√©gal;2013;Autres non-c√©r√©ales;332;
S√©n√©gal;2014;Autres non-c√©r√©ales;47;
S√©n√©gal;2015;Autres non-c√©r√©ales;117;
S√©n√©gal;2013;BulgurFarEnt;630;
S√©n√©gal;2013;C√©r√©ales;4260;
S√©n√©gal;2014;C√©r√©ales;7346;
S√©n√©gal;2015;C√©r√©ales;1814;
S√©n√©gal;2013;Huiles v√©g√©tales;1101;
S√©n√©gal;2014;Huiles v√©g√©tales;427;
S√©n√©gal;2015;Huiles v√©g√©tales;10019;
S√©n√©gal;2013;L√©gumineuses S√®ches,Tot.;9901;
S√©n√©gal;2014;L√©gumineuses S√®ches,Tot.;9180;
S√©n√©gal;2013;M√©langes et pr√©parations;2755;
S√©n√©gal;2014;M√©langes et pr√©parations;1644;
S√©n√©gal;2015;M√©langes et pr√©parations;184;
S√©n√©gal;2013;Non-c√©r√©ales;11671;
S√©n√©gal;2014;Non-c√©r√©ales;9654;
S√©n√©gal;2015;Non-c√©r√©ales;10136;
S√©n√©gal;2013;Poiss&produi;337;
S√©n√©gal;2013;Riz, total;875;
S√©n√©gal;2014;Riz, total;5702;
S√©n√©gal;2015;Riz, total;1630;
Sierra Leone;2013;BulgurFarEnt;1188;
Sierra Leone;2014;BulgurFarEnt;1738;
Sierra Leone;2013;C√©r√©ales;8031;
Sierra Leone;2014;C√©r√©ales;2858;
Sierra Leone;2015;C√©r√©ales;268;
Sierra Leone;2013;Huiles v√©g√©tales;670;
Sierra Leone;2014;Huiles v√©g√©tales;410;
Sierra Leone;2013;L√©gumineuses S√®ches,Tot.;240;
Sierra Leone;2014;L√©gumineuses S√®ches,Tot.;310;
Sierra Leone;2015;L√©gumineuses S√®ches,Tot.;184;
Sierra Leone;2013;M√©langes et pr√©parations;1018;
Sierra Leone;2014;M√©langes et pr√©parations;1120;
Sierra Leone;2015;M√©langes et pr√©parations;268;
Sierra Leone;2013;Non-c√©r√©ales;910;
Sierra Leone;2014;Non-c√©r√©ales;720;
Sierra Leone;2015;Non-c√©r√©ales;184;
Sierra Leone;2013;Riz, total;5825;
Somalie;2013;Autres non-c√©r√©ales;1600;
Somalie;2014;Autres non-c√©r√©ales;1237;
Somalie;2015;Autres non-c√©r√©ales;596;
Somalie;2013;Bl√© et Farin;556;
Somalie;2015;Bl√© et Farin;560;
Somalie;2013;C√©r√©ales;56643;
Somalie;2014;C√©r√©ales;32131;
Somalie;2015;C√©r√©ales;30626;
Somalie;2013;C√©r√©ales Secondaires;43100;
Somalie;2014;C√©r√©ales Secondaires;24370;
Somalie;2015;C√©r√©ales Secondaires;25470;
Somalie;2013;Fruits secs, total;221;
Somalie;2015;Fruits secs, total;54;
Somalie;2013;Huiles v√©g√©tales;3959;
Somalie;2014;Huiles v√©g√©tales;2279;
Somalie;2015;Huiles v√©g√©tales;1690;
Somalie;2014;Lait, total;651;
Somalie;2013;L√©gumineuses S√®ches,Tot.;7477;
Somalie;2014;L√©gumineuses S√®ches,Tot.;4292;
Somalie;2015;L√©gumineuses S√®ches,Tot.;2883;
Somalie;2013;M√©langes et pr√©parations;9837;
Somalie;2014;M√©langes et pr√©parations;7761;
Somalie;2015;M√©langes et pr√©parations;4596;
Somalie;2013;Non-c√©r√©ales;13257;
Somalie;2014;Non-c√©r√©ales;8459;
Somalie;2015;Non-c√©r√©ales;5223;
Somalie;2013;Riz, total;3150;
Soudan;2014;Autres non-c√©r√©ales;250;
Soudan;2015;Autres non-c√©r√©ales;255;
Soudan;2014;Bl√© et Farin;1672;
Soudan;2015;Bl√© et Farin;2183;
Soudan;2013;C√©r√©ales;140255;
Soudan;2014;C√©r√©ales;145696;
Soudan;2015;C√©r√©ales;5988;
Soudan;2013;C√©r√©ales Secondaires;130677;
Soudan;2014;C√©r√©ales Secondaires;133830;
Soudan;2013;Huiles v√©g√©tales;6251;
Soudan;2014;Huiles v√©g√©tales;3960;
Soudan;2015;Huiles v√©g√©tales;110;
Soudan;2013;Lait, total;900;
Soudan;2014;Lait, total;825;
Soudan;2013;L√©gumineuses S√®ches,Tot.;17663;
Soudan;2014;L√©gumineuses S√®ches,Tot.;10221;
Soudan;2015;L√©gumineuses S√®ches,Tot.;2472;
Soudan;2013;M√©langes et pr√©parations;9578;
Soudan;2014;M√©langes et pr√©parations;10194;
Soudan;2015;M√©langes et pr√©parations;3805;
Soudan;2013;Non-c√©r√©ales;24860;
Soudan;2014;Non-c√©r√©ales;15256;
Soudan;2015;Non-c√©r√©ales;2837;
Soudan;2013;Sucre, total;46;
Soudan du Sud;2013;Autres non-c√©r√©ales;372;
Soudan du Sud;2014;Autres non-c√©r√©ales;3550;
Soudan du Sud;2015;Autres non-c√©r√©ales;428;
Soudan du Sud;2013;C√©r√©ales;83113;
Soudan du Sud;2014;C√©r√©ales;213730;
Soudan du Sud;2015;C√©r√©ales;13851;
Soudan du Sud;2013;C√©r√©ales Secondaires;83113;
Soudan du Sud;2014;C√©r√©ales Secondaires;213730;
Soudan du Sud;2015;C√©r√©ales Secondaires;9000;
Soudan du Sud;2013;Huiles v√©g√©tales;4936;
Soudan du Sud;2014;Huiles v√©g√©tales;3731;
Soudan du Sud;2015;Huiles v√©g√©tales;3844;
Soudan du Sud;2013;L√©gumineuses S√®ches,Tot.;9593;
Soudan du Sud;2014;L√©gumineuses S√®ches,Tot.;3961;
Soudan du Sud;2015;L√©gumineuses S√®ches,Tot.;6031;
Soudan du Sud;2015;M√©langes et pr√©parations;301;
Soudan du Sud;2013;Non-c√©r√©ales;15052;
Soudan du Sud;2014;Non-c√©r√©ales;11575;
Soudan du Sud;2015;Non-c√©r√©ales;10303;
Soudan du Sud;2015;Riz, total;4550;
Soudan du Sud;2013;Sucre, total;151;
Soudan du Sud;2014;Sucre, total;333;
Sri Lanka;2013;C√©r√©ales;2116;
Sri Lanka;2014;C√©r√©ales;1392;
Sri Lanka;2015;C√©r√©ales;898;
Sri Lanka;2013;Fruits secs, total;238;
Sri Lanka;2015;Fruits secs, total;54;
Sri Lanka;2013;Huiles v√©g√©tales;385;
Sri Lanka;2014;Huiles v√©g√©tales;569;
Sri Lanka;2015;Huiles v√©g√©tales;328;
Sri Lanka;2016;Huiles v√©g√©tales;164;
Sri Lanka;2013;L√©gumineuses S√®ches,Tot.;974;
Sri Lanka;2014;L√©gumineuses S√®ches,Tot.;963;
Sri Lanka;2015;L√©gumineuses S√®ches,Tot.;482;
Sri Lanka;2013;M√©langes et pr√©parations;1007;
Sri Lanka;2014;M√©langes et pr√©parations;221;
Sri Lanka;2015;M√©langes et pr√©parations;346;
Sri Lanka;2013;Non-c√©r√©ales;1710;
Sri Lanka;2014;Non-c√©r√©ales;2131;
Sri Lanka;2015;Non-c√©r√©ales;864;
Sri Lanka;2016;Non-c√©r√©ales;164;
Sri Lanka;2013;Poiss&produi;112;
Sri Lanka;2014;Poiss&produi;595;
Sri Lanka;2013;Riz, total;1109;
Sri Lanka;2014;Riz, total;1171;
Sri Lanka;2015;Riz, total;552;
Sri Lanka;2013;Sucre, total;1;
Sri Lanka;2014;Sucre, total;4;
Sri Lanka;2015;Sucre, total;0;
Swaziland;2013;C√©r√©ales;3854;
Swaziland;2014;C√©r√©ales;775;
Swaziland;2013;C√©r√©ales Secondaires;372;
Swaziland;2013;Huiles v√©g√©tales;478;
Swaziland;2014;Huiles v√©g√©tales;54;
Swaziland;2013;L√©gumineuses S√®ches,Tot.;2077;
Swaziland;2014;L√©gumineuses S√®ches,Tot.;526;
Swaziland;2013;M√©langes et pr√©parations;476;
Swaziland;2013;Non-c√©r√©ales;2555;
Swaziland;2014;Non-c√©r√©ales;580;
Swaziland;2013;Riz, total;3006;
Swaziland;2014;Riz, total;775;
Tadjikistan;2013;Autres non-c√©r√©ales;32;
Tadjikistan;2014;Autres non-c√©r√©ales;58;
Tadjikistan;2013;Bl√© et Farin;22;
Tadjikistan;2014;Bl√© et Farin;23;
Tadjikistan;2013;C√©r√©ales;78;
Tadjikistan;2014;C√©r√©ales;146;
Tadjikistan;2014;C√©r√©ales Secondaires;40;
Tadjikistan;2013;Huiles v√©g√©tales;200;
Tadjikistan;2014;Huiles v√©g√©tales;238;
Tadjikistan;2013;Lait, total;25;
Tadjikistan;2014;Lait, total;147;
Tadjikistan;2015;Lait, total;0;
Tadjikistan;2013;L√©gumineuses S√®ches,Tot.;38;
Tadjikistan;2013;M√©langes et pr√©parations;49;
Tadjikistan;2014;M√©langes et pr√©parations;57;
Tadjikistan;2013;Non-c√©r√©ales;295;
Tadjikistan;2014;Non-c√©r√©ales;495;
Tadjikistan;2015;Non-c√©r√©ales;0;
Tadjikistan;2013;Riz, total;7;
Tadjikistan;2014;Riz, total;26;
Tadjikistan;2014;Viande Total;52;
Tchad;2013;Autres non-c√©r√©ales;1705;
Tchad;2014;Autres non-c√©r√©ales;773;
Tchad;2013;BulgurFarEnt;3127;
Tchad;2013;C√©r√©ales;36551;
Tchad;2014;C√©r√©ales;42874;
Tchad;2015;C√©r√©ales;30028;
Tchad;2013;C√©r√©ales Secondaires;25997;
Tchad;2014;C√©r√©ales Secondaires;40844;
Tchad;2015;C√©r√©ales Secondaires;24870;
Tchad;2015;Fruits secs, total;90;
Tchad;2013;Huiles v√©g√©tales;2568;
Tchad;2014;Huiles v√©g√©tales;1915;
Tchad;2015;Huiles v√©g√©tales;2210;
Tchad;2016;Huiles v√©g√©tales;1216;
Tchad;2013;Lait, total;0;
Tchad;2013;L√©gumineuses S√®ches,Tot.;5842;
Tchad;2014;L√©gumineuses S√®ches,Tot.;3141;
Tchad;2015;L√©gumineuses S√®ches,Tot.;4511;
Tchad;2013;M√©langes et pr√©parations;6652;
Tchad;2014;M√©langes et pr√©parations;2030;
Tchad;2015;M√©langes et pr√©parations;5158;
Tchad;2013;Non-c√©r√©ales;10414;
Tchad;2014;Non-c√©r√©ales;6089;
Tchad;2015;Non-c√©r√©ales;6811;
Tchad;2016;Non-c√©r√©ales;1216;
Tchad;2013;Riz, total;775;
Tchad;2013;Sucre, total;299;
Tchad;2014;Sucre, total;260;
Timor-Leste;2013;C√©r√©ales;22;
Timor-Leste;2013;Huiles v√©g√©tales;36;
Timor-Leste;2013;M√©langes et pr√©parations;22;
Timor-Leste;2013;Non-c√©r√©ales;36;
Togo;2013;Autres non-c√©r√©ales;2;
Togo;2013;Bl√© et Farin;10712;
Togo;2013;C√©r√©ales;12400;
Togo;2013;Non-c√©r√©ales;2;
Togo;2013;Riz, total;1688;
Vanuatu;2015;Bl√© et Farin;23;
Vanuatu;2015;C√©r√©ales;331;
Vanuatu;2015;Non-c√©r√©ales;70;
Vanuatu;2015;Poiss&produi;70;
Vanuatu;2015;Riz, total;308;
Y√©men;2013;Autres non-c√©r√©ales;1291;
Y√©men;2014;Autres non-c√©r√©ales;211;
Y√©men;2015;Autres non-c√©r√©ales;1198;
Y√©men;2016;Autres non-c√©r√©ales;5238;
Y√©men;2013;Bl√© et Farin;116637;
Y√©men;2014;Bl√© et Farin;22680;
Y√©men;2015;Bl√© et Farin;117854;
Y√©men;2016;Bl√© et Farin;179332;
Y√©men;2013;C√©r√©ales;117155;
Y√©men;2014;C√©r√©ales;26949;
Y√©men;2015;C√©r√©ales;151251;
Y√©men;2016;C√©r√©ales;196027;
Y√©men;2016;Fruits secs, total;247;
Y√©men;2013;Huiles v√©g√©tales;4572;
Y√©men;2014;Huiles v√©g√©tales;8203;
Y√©men;2015;Huiles v√©g√©tales;8131;
Y√©men;2016;Huiles v√©g√©tales;9880;
Y√©men;2013;L√©gumineuses S√®ches,Tot.;9203;
Y√©men;2014;L√©gumineuses S√®ches,Tot.;16476;
Y√©men;2015;L√©gumineuses S√®ches,Tot.;17724;
Y√©men;2016;L√©gumineuses S√®ches,Tot.;18648;
Y√©men;2013;M√©langes et pr√©parations;68;
Y√©men;2014;M√©langes et pr√©parations;3169;
Y√©men;2015;M√©langes et pr√©parations;31600;
Y√©men;2016;M√©langes et pr√©parations;16695;
Y√©men;2013;Non-c√©r√©ales;15227;
Y√©men;2014;Non-c√©r√©ales;24971;
Y√©men;2015;Non-c√©r√©ales;34902;
Y√©men;2016;Non-c√©r√©ales;36760;
Y√©men;2015;Poiss&produi;232;
Y√©men;2016;Poiss&produi;72;
Y√©men;2013;Riz, total;450;
Y√©men;2014;Riz, total;1100;
Y√©men;2015;Riz, total;1797;
Y√©men;2013;Sucre, total;161;
Y√©men;2014;Sucre, total;81;
Y√©men;2015;Sucre, total;7617;
Y√©men;2016;Sucre, total;2675;
Zambie;2014;C√©r√©ales;1349;
Zambie;2014;C√©r√©ales Secondaires;1349;
Zambie;2013;Huiles v√©g√©tales;164;
Zambie;2013;Non-c√©r√©ales;164;
Zimbabwe;2013;Autres non-c√©r√©ales;1;
Zimbabwe;2013;C√©r√©ales;5604;
Zimbabwe;2014;C√©r√©ales;10990;
Zimbabwe;2015;C√©r√©ales;7053;
Zimbabwe;2013;C√©r√©ales Secondaires;5330;
Zimbabwe;2014;C√©r√©ales Secondaires;5866;
Zimbabwe;2015;C√©r√©ales Secondaires;6957;
Zimbabwe;2013;Huiles v√©g√©tales;871;
Zimbabwe;2014;Huiles v√©g√©tales;1514;
Zimbabwe;2015;Huiles v√©g√©tales;306;
Zimbabwe;2013;L√©gumineuses S√®ches,Tot.;4150;
Zimbabwe;2014;L√©gumineuses S√®ches,Tot.;796;
Zimbabwe;2013;M√©langes et pr√©parations;210;
Zimbabwe;2014;M√©langes et pr√©parations;5124;
Zimbabwe;2015;M√©langes et pr√©parations;96;
Zimbabwe;2013;Non-c√©r√©ales;5022;
Zimbabwe;2014;Non-c√©r√©ales;2310;
Zimbabwe;2015;Non-c√©r√©ales;306;
Zimbabwe;2013;Riz, total;64;
